priceTime,priceBinance,priceHuobi,diffPer
0,40000,40000,0
01:18:08,17733.53000000,17731.36,0.00012
01:18:09,17730.58000000,17733.3,0.00015
01:18:10,17733.52000000,17731.38,0.00012
01:18:11,17734.39000000,17732.82,9e-05
01:18:12,17724.23000000,17720.42,0.00022
01:18:13,17717.53000000,17723.26,0.00032
01:18:14,17718.79000000,17711.46,0.00041
01:18:15,17714.30000000,17711.45,0.00016
01:18:16,17714.31000000,17713.35,5e-05
01:18:18,17713.17000000,17702.34,0.00061
01:18:19,17713.16000000,17708.37,0.00027
01:18:20,17707.71000000,17703.88,0.00022
01:18:21,17708.32000000,17707.96,2e-05
01:18:22,17706.96000000,17706.2,4e-05
01:18:23,17705.00000000,17703.93,6e-05
01:18:24,17709.17000000,17704.5,0.00026
01:18:25,17706.94000000,17713.37,0.00036
01:18:26,17716.26000000,17714.72,9e-05
01:18:28,17704.22000000,17705.89,9e-05
01:18:29,17683.01000000,17684.37,8e-05
01:18:30,17673.98000000,17673.33,4e-05
01:18:31,17673.99000000,17675.92,0.00011
01:18:32,17675.19000000,17672.58,0.00015
01:18:33,17673.79000000,17673.72,0.0
01:18:34,17675.73000000,17672.6,0.00018
01:18:35,17669.76000000,17663.38,0.00036
01:18:36,17666.56000000,17670.55,0.00023
01:18:38,17669.99000000,17670.37,2e-05
01:18:39,17669.21000000,17682.55,0.00075
01:18:40,17683.38000000,17682.55,5e-05
01:18:41,17668.73000000,17666.06,0.00015
01:18:42,17674.60000000,17667.16,0.00042
01:18:43,17684.87000000,17688.51,0.00021
01:18:44,17696.86000000,17700.55,0.00021
01:18:45,17703.08000000,17700.55,0.00014
01:18:46,17709.16000000,17713.96,0.00027
01:18:48,17703.10000000,17703.95,5e-05
01:18:49,17703.10000000,17692.57,0.0006
01:18:50,17703.10000000,17692.59,0.00059
01:18:51,17703.10000000,17694.02,0.00051
01:18:52,17686.14000000,17690.06,0.00022
01:18:53,17683.15000000,17678.92,0.00024
01:18:54,17674.75000000,17675.17,2e-05
01:18:55,17685.84000000,17684.72,6e-05
01:18:56,17685.84000000,17680.06,0.00033
01:18:57,17685.84000000,17689.3,0.0002
01:18:59,17685.84000000,17704.19,0.00104
01:19:00,17699.99000000,17707.88,0.00045
01:19:01,17710.38000000,17700.27,0.00057
01:19:02,17707.50000000,17703.14,0.00025
01:19:03,17698.86000000,17704.53,0.00032
01:19:04,17700.06000000,17701.1,6e-05
01:19:05,17700.88000000,17703.84,0.00017
01:19:06,17695.49000000,17689.96,0.00031
01:19:07,17695.11000000,17694.12,6e-05
01:19:08,17695.11000000,17689.98,0.00029
01:19:10,17687.00000000,17689.98,0.00017
01:19:11,17682.68000000,17680.08,0.00015
01:19:12,17671.95000000,17668.58,0.00019
01:19:13,17665.53000000,17668.58,0.00017
01:19:14,17675.78000000,17682.67,0.00039
01:19:15,17678.50000000,17675.97,0.00014
01:19:16,17668.23000000,17676.32,0.00046
01:19:17,17684.34000000,17682.63,0.0001
01:19:18,17684.35000000,17675.27,0.00051
01:19:20,17670.65000000,17669.03,9e-05
01:19:21,17682.57000000,17683.87,7e-05
01:19:22,17693.25000000,17690.65,0.00015
01:19:23,17692.35000000,17694.34,0.00011
01:19:24,17685.00000000,17694.34,0.00053
01:19:25,17676.14000000,17678.84,0.00015
01:19:26,17677.90000000,17672.98,0.00028
01:19:27,17677.16000000,17675.51,9e-05
01:19:28,17665.47000000,17666.95,8e-05
01:19:30,17663.95000000,17666.94,0.00017
01:19:31,17670.26000000,17666.94,0.00019
01:19:32,17678.05000000,17677.42,4e-05
01:19:33,17677.35000000,17677.48,1e-05
01:19:34,17679.59000000,17685.65,0.00034
01:19:36,17679.59000000,17688.68,0.00051
01:19:37,17693.19000000,17688.68,0.00025
01:19:38,17673.44000000,17685.8,0.0007
01:19:39,17634.59000000,17649.22,0.00083
01:19:40,17652.42000000,17646.42,0.00034
01:19:41,17654.18000000,17645.83,0.00047
01:19:43,17654.18000000,17651.44,0.00016
01:19:44,17654.18000000,17657.89,0.00021
01:19:45,17666.17000000,17664.18,0.00011
01:19:46,17656.66000000,17647.07,0.00054
01:19:47,17655.81000000,17648.29,0.00043
01:19:48,17655.81000000,17654.91,5e-05
01:19:49,17655.81000000,17648.5,0.00041
01:19:51,17633.26000000,17635.72,0.00014
01:19:52,17635.63000000,17638.53,0.00016
01:19:53,17638.64000000,17634.38,0.00024
01:19:54,17631.10000000,17650.87,0.00112
01:19:55,17653.92000000,17662.44,0.00048
01:19:56,17646.21000000,17645.18,6e-05
01:19:57,17638.17000000,17639.19,6e-05
01:19:58,17650.89000000,17653.8,0.00016
01:19:59,17651.49000000,17656.52,0.00028
01:20:01,17647.37000000,17649.93,0.00015
01:20:02,17657.23000000,17656.76,3e-05
01:20:03,17662.44000000,17657.92,0.00026
01:20:04,17655.60000000,17658.05,0.00014
01:20:05,17666.52000000,17669.6,0.00017
01:20:06,17671.47000000,17679.09,0.00043
01:20:07,17674.37000000,17681.03,0.00038
01:20:08,17682.19000000,17681.01,7e-05
01:20:09,17672.90000000,17677.62,0.00027
01:20:10,17682.21000000,17688.38,0.00035
01:20:12,17688.41000000,17693.95,0.00031
01:20:13,17682.22000000,17693.53,0.00064
01:20:14,17680.56000000,17677.74,0.00016
01:20:15,17683.19000000,17681.87,7e-05
01:20:16,17683.19000000,17676.08,0.0004
01:20:17,17681.33000000,17681.83,3e-05
01:20:18,17681.33000000,17681.83,3e-05
01:20:19,17679.81000000,17680.53,4e-05
01:20:20,17674.27000000,17680.53,0.00035
01:20:21,17677.35000000,17673.14,0.00024
01:20:23,17667.60000000,17665.67,0.00011
01:20:24,17662.45000000,17661.21,7e-05
01:20:25,17655.61000000,17650.31,0.0003
01:20:26,17648.64000000,17652.93,0.00024
01:20:27,17648.64000000,17648.63,0.0
01:20:28,17648.64000000,17659.62,0.00062
01:20:29,17648.64000000,17655.92,0.00041
01:20:30,17655.30000000,17659.21,0.00022
01:20:32,17660.12000000,17655.02,0.00029
01:20:33,17652.98000000,17655.01,0.00011
01:20:34,17655.78000000,17656.11,2e-05
01:20:35,17660.03000000,17663.86,0.00022
01:20:36,17668.16000000,17673.28,0.00029
01:20:37,17674.21000000,17675.01,5e-05
01:20:38,17677.34000000,17674.71,0.00015
01:20:39,17670.66000000,17670.04,4e-05
01:20:40,17665.02000000,17658.06,0.00039
01:20:41,17663.12000000,17662.61,3e-05
01:20:43,17655.83000000,17656.18,2e-05
01:20:44,17661.11000000,17660.34,4e-05
01:20:45,17654.90000000,17655.2,2e-05
01:20:46,17662.22000000,17661.85,2e-05
01:20:47,17657.54000000,17661.36,0.00022
01:20:48,17660.47000000,17656.34,0.00023
01:20:49,17659.23000000,17659.82,3e-05
01:20:50,17654.92000000,17652.79,0.00012
01:20:51,17654.89000000,17651.05,0.00022
01:20:52,17644.17000000,17645.41,7e-05
01:20:54,17642.85000000,17647.09,0.00024
01:20:55,17654.87000000,17647.99,0.00039
01:20:56,17646.18000000,17647.99,0.0001
01:20:57,17640.93000000,17647.21,0.00036
01:20:58,17640.93000000,17647.92,0.0004
01:20:59,17653.53000000,17663.52,0.00057
01:21:00,17660.00000000,17661.25,7e-05
01:21:01,17661.33000000,17661.13,1e-05
01:21:02,17656.80000000,17656.0,5e-05
01:21:03,17663.07000000,17661.24,0.0001
01:21:05,17670.13000000,17667.03,0.00018
01:21:06,17677.23000000,17675.36,0.00011
01:21:07,17681.03000000,17672.8,0.00047
01:21:08,17678.15000000,17683.92,0.00033
01:21:09,17681.93000000,17684.81,0.00016
01:21:10,17691.95000000,17690.0,0.00011
01:21:11,17698.75000000,17703.16,0.00025
01:21:12,17708.87000000,17707.4,8e-05
01:21:13,17707.64000000,17707.34,2e-05
01:21:15,17708.96000000,17706.94,0.00011
01:21:16,17723.00000000,17725.6,0.00015
01:21:17,17734.44000000,17735.34,5e-05
01:21:18,17744.02000000,17741.5,0.00014
01:21:19,17741.05000000,17741.68,4e-05
01:21:20,17741.46000000,17739.32,0.00012
01:21:21,17727.89000000,17729.12,7e-05
01:21:22,17724.22000000,17731.8,0.00043
01:21:23,17716.73000000,17719.34,0.00015
01:21:24,17713.05000000,17709.31,0.00021
01:21:26,17713.35000000,17712.47,5e-05
01:21:27,17711.97000000,17708.86,0.00018
01:21:28,17705.51000000,17711.91,0.00036
01:21:29,17715.60000000,17719.88,0.00024
01:21:30,17725.17000000,17719.94,0.0003
01:21:31,17717.07000000,17712.97,0.00023
01:21:32,17719.11000000,17712.97,0.00035
01:21:33,17708.23000000,17712.97,0.00027
01:21:34,17702.20000000,17706.3,0.00023
01:21:35,17707.52000000,17701.88,0.00032
01:21:37,17704.22000000,17702.29,0.00011
01:21:38,17707.01000000,17702.55,0.00025
01:21:39,17700.00000000,17698.18,0.0001
01:21:40,17696.06000000,17698.91,0.00016
01:21:41,17696.34000000,17696.13,1e-05
01:21:42,17695.89000000,17694.64,7e-05
01:21:43,17692.02000000,17691.71,2e-05
01:21:44,17681.94000000,17682.68,4e-05
01:21:45,17695.53000000,17697.09,9e-05
01:21:46,17700.00000000,17707.94,0.00045
01:21:48,17705.58000000,17703.35,0.00013
01:21:49,17707.01000000,17705.37,9e-05
01:21:50,17714.66000000,17716.26,9e-05
01:21:51,17715.44000000,17715.81,2e-05
01:21:52,17717.68000000,17709.24,0.00048
01:21:53,17711.13000000,17707.25,0.00022
01:21:54,17709.37000000,17708.15,7e-05
01:21:55,17700.00000000,17693.23,0.00038
01:21:56,17692.03000000,17691.77,1e-05
01:21:58,17688.02000000,17688.86,5e-05
01:21:59,17690.35000000,17684.34,0.00034
01:22:00,17680.41000000,17688.87,0.00048
01:22:01,17691.80000000,17686.0,0.00033
01:22:02,17683.19000000,17694.84,0.00066
01:22:03,17687.80000000,17684.29,0.0002
01:22:04,17687.79000000,17682.7,0.00029
01:22:05,17679.25000000,17673.85,0.00031
01:22:06,17679.25000000,17673.85,0.00031
01:22:07,17679.25000000,17670.54,0.00049
01:22:09,17669.18000000,17668.31,5e-05
01:22:10,17676.93000000,17669.03,0.00045
01:22:11,17668.27000000,17674.67,0.00036
01:22:12,17686.13000000,17694.83,0.00049
01:22:13,17692.02000000,17691.21,5e-05
01:22:14,17693.79000000,17690.38,0.00019
01:22:15,17684.19000000,17690.37,0.00035
01:22:16,17660.58000000,17660.51,0.0
01:22:17,17664.17000000,17662.91,7e-05
01:22:18,17664.17000000,17657.9,0.00036
01:22:20,17664.17000000,17661.12,0.00017
01:22:21,17664.95000000,17662.92,0.00011
01:22:22,17664.94000000,17658.23,0.00038
01:22:23,17654.45000000,17657.55,0.00018
01:22:24,17660.47000000,17661.16,4e-05
01:22:25,17654.80000000,17652.04,0.00016
01:22:26,17654.84000000,17658.09,0.00018
01:22:27,17659.99000000,17654.43,0.00031
01:22:28,17654.29000000,17649.62,0.00026
01:22:29,17646.07000000,17643.82,0.00013
01:22:31,17645.22000000,17637.78,0.00042
01:22:32,17645.22000000,17640.35,0.00028
01:22:33,17645.22000000,17643.26,0.00011
01:22:34,17643.58000000,17644.78,7e-05
01:22:35,17643.58000000,17645.92,0.00013
01:22:36,17643.58000000,17647.1,0.0002
01:22:37,17651.32000000,17652.15,5e-05
01:22:38,17659.99000000,17659.25,4e-05
01:22:39,17652.23000000,17656.61,0.00025
01:22:41,17657.73000000,17656.3,8e-05
01:22:42,17655.03000000,17654.88,1e-05
01:22:43,17655.03000000,17651.57,0.0002
01:22:44,17648.79000000,17646.7,0.00012
01:22:45,17643.59000000,17643.03,3e-05
01:22:46,17644.51000000,17642.37,0.00012
01:22:47,17651.38000000,17646.59,0.00027
01:22:48,17648.79000000,17651.89,0.00018
01:22:49,17647.42000000,17647.47,0.0
01:22:50,17643.60000000,17645.12,9e-05
01:22:52,17643.60000000,17640.12,0.0002
01:22:53,17638.63000000,17638.87,1e-05
01:22:54,17638.63000000,17640.11,8e-05
01:22:55,17640.89000000,17649.3,0.00048
01:22:56,17652.01000000,17654.69,0.00015
01:22:57,17647.92000000,17644.12,0.00022
01:22:58,17640.89000000,17640.16,4e-05
01:22:59,17637.55000000,17632.15,0.00031
01:23:00,17629.92000000,17633.58,0.00021
01:23:01,17638.35000000,17637.36,6e-05
01:23:03,17633.29000000,17634.52,7e-05
01:23:04,17633.28000000,17633.48,1e-05
01:23:05,17634.18000000,17633.49,4e-05
01:23:06,17631.20000000,17631.81,3e-05
01:23:07,17629.93000000,17631.8,0.00011
01:23:08,17632.21000000,17646.33,0.0008
01:23:09,17639.24000000,17646.09,0.00039
01:23:10,17640.65000000,17654.21,0.00077
01:23:11,17646.48000000,17645.22,7e-05
01:23:12,17641.53000000,17639.8,0.0001
01:23:14,17639.24000000,17636.63,0.00015
01:23:15,17630.01000000,17630.01,0
01:23:16,17630.91000000,17638.28,0.00042
01:23:17,17632.79000000,17633.58,4e-05
01:23:18,17633.05000000,17633.58,3e-05
01:23:19,17637.60000000,17635.39,0.00013
01:23:20,17637.60000000,17636.42,7e-05
01:23:21,17629.00000000,17640.29,0.00064
01:23:22,17651.72000000,17640.56,0.00063
01:23:24,17634.70000000,17639.05,0.00025
01:23:25,17644.20000000,17640.58,0.00021
01:23:26,17643.30000000,17639.05,0.00024
01:23:27,17637.43000000,17639.62,0.00012
01:23:28,17640.71000000,17636.67,0.00023
01:23:29,17633.84000000,17631.65,0.00012
01:23:30,17639.91000000,17642.98,0.00017
01:23:32,17636.34000000,17633.05,0.00019
01:23:33,17628.64000000,17632.99,0.00025
01:23:34,17636.15000000,17637.86,0.0001
01:23:35,17640.71000000,17642.99,0.00013
01:23:36,17646.79000000,17638.03,0.0005
01:23:37,17641.50000000,17642.99,8e-05
01:23:38,17651.95000000,17653.71,0.0001
01:23:39,17650.04000000,17647.24,0.00016
01:23:40,17654.81000000,17652.19,0.00015
01:23:41,17652.26000000,17650.69,9e-05
01:23:43,17652.63000000,17648.64,0.00023
01:23:44,17654.81000000,17653.17,9e-05
01:23:45,17646.07000000,17647.26,7e-05
01:23:46,17640.72000000,17641.66,5e-05
01:23:47,17649.57000000,17645.84,0.00021
01:23:48,17654.29000000,17652.39,0.00011
01:23:49,17667.14000000,17662.9,0.00024
01:23:50,17669.13000000,17668.02,6e-05
01:23:51,17680.91000000,17685.17,0.00024
01:23:52,17678.57000000,17677.77,5e-05
01:23:54,17692.01000000,17689.41,0.00015
01:23:55,17686.36000000,17683.18,0.00018
01:23:56,17683.24000000,17683.18,0.0
01:23:57,17667.34000000,17661.85,0.00031
01:23:58,17667.33000000,17663.81,0.0002
01:23:59,17663.81000000,17663.8,0.0
01:24:00,17666.25000000,17664.71,9e-05
01:24:01,17666.24000000,17664.7,9e-05
01:24:02,17666.24000000,17664.7,9e-05
01:24:04,17670.16000000,17673.68,0.0002
01:24:05,17680.38000000,17682.29,0.00011
01:24:06,17681.87000000,17679.32,0.00014
01:24:07,17683.77000000,17679.37,0.00025
01:24:08,17683.78000000,17679.37,0.00025
01:24:09,17685.26000000,17685.71,3e-05
01:24:10,17685.26000000,17697.26,0.00068
01:24:11,17685.26000000,17700.0,0.00083
01:24:12,17696.83000000,17694.76,0.00012
01:24:14,17707.04000000,17707.58,3e-05
01:24:15,17704.52000000,17703.87,4e-05
01:24:16,17710.03000000,17707.56,0.00014
01:24:17,17722.09000000,17719.58,0.00014
01:24:18,17722.99000000,17718.67,0.00024
01:24:19,17718.28000000,17719.1,5e-05
01:24:20,17726.61000000,17723.0,0.0002
01:24:21,17712.82000000,17715.24,0.00014
01:24:22,17718.59000000,17718.11,3e-05
01:24:24,17714.17000000,17713.06,6e-05
01:24:25,17713.12000000,17711.88,7e-05
01:24:26,17703.84000000,17704.07,1e-05
01:24:27,17698.30000000,17699.64,8e-05
01:24:28,17705.82000000,17707.76,0.00011
01:24:29,17702.66000000,17701.08,9e-05
01:24:30,17708.45000000,17706.94,9e-05
01:24:31,17708.45000000,17717.62,0.00052
01:24:32,17708.45000000,17723.02,0.00082
01:24:33,17719.29000000,17710.49,0.0005
01:24:35,17706.04000000,17703.09,0.00017
01:24:36,17710.19000000,17706.27,0.00022
01:24:37,17707.96000000,17705.67,0.00013
01:24:38,17713.71000000,17706.56,0.0004
01:24:39,17713.72000000,17712.26,8e-05
01:24:40,17711.87000000,17711.82,0.0
01:24:41,17707.99000000,17710.91,0.00016
01:24:42,17703.42000000,17701.16,0.00013
01:24:43,17697.33000000,17696.7,4e-05
01:24:45,17692.16000000,17691.66,3e-05
01:24:46,17692.17000000,17687.87,0.00024
01:24:47,17679.89000000,17677.79,0.00012
01:24:48,17678.62000000,17676.67,0.00011
01:24:49,17682.56000000,17680.01,0.00014
01:24:50,17683.80000000,17672.36,0.00065
01:24:51,17679.19000000,17673.26,0.00034
01:24:52,17671.37000000,17669.75,9e-05
01:24:53,17671.19000000,17663.72,0.00042
01:24:55,17662.77000000,17658.15,0.00026
01:24:56,17661.58000000,17668.37,0.00038
01:24:57,17669.27000000,17668.95,2e-05
01:24:58,17670.61000000,17668.71,0.00011
01:24:59,17664.79000000,17664.27,3e-05
01:25:00,17672.69000000,17668.96,0.00021
01:25:01,17674.14000000,17670.36,0.00021
01:25:02,17664.83000000,17662.84,0.00011
01:25:03,17663.03000000,17664.97,0.00011
01:25:04,17669.64000000,17673.94,0.00024
01:25:06,17676.08000000,17664.98,0.00063
01:25:07,17661.44000000,17662.84,8e-05
01:25:08,17673.88000000,17672.58,7e-05
01:25:09,17671.77000000,17667.5,0.00024
01:25:10,17673.52000000,17667.48,0.00034
01:25:11,17673.87000000,17672.59,7e-05
01:25:12,17667.92000000,17660.12,0.00044
01:25:13,17661.48000000,17657.95,0.0002
01:25:14,17650.03000000,17647.47,0.00015
01:25:16,17644.09000000,17641.83,0.00013
01:25:17,17643.21000000,17648.66,0.00031
01:25:18,17653.19000000,17650.64,0.00014
01:25:19,17657.92000000,17651.61,0.00036
01:25:20,17662.97000000,17662.02,5e-05
01:25:21,17653.23000000,17653.18,0.0
01:25:22,17650.02000000,17648.24,0.0001
01:25:23,17654.99000000,17643.16,0.00067
01:25:24,17652.27000000,17661.13,0.0005
01:25:25,17659.67000000,17649.47,0.00058
01:25:27,17649.06000000,17628.04,0.00119
01:25:28,17630.57000000,17630.11,3e-05
01:25:29,17630.68000000,17632.35,9e-05
01:25:30,17640.07000000,17640.46,2e-05
01:25:31,17643.20000000,17641.1,0.00012
01:25:32,17646.71000000,17647.21,3e-05
01:25:33,17653.45000000,17651.6,0.0001
01:25:34,17654.23000000,17654.23,0
01:25:35,17663.05000000,17662.1,5e-05
01:25:36,17654.99000000,17654.16,5e-05
01:25:38,17652.15000000,17652.29,1e-05
01:25:39,17650.02000000,17653.24,0.00018
01:25:40,17655.86000000,17657.7,0.0001
01:25:41,17659.62000000,17657.7,0.00011
01:25:42,17657.85000000,17653.89,0.00022
01:25:43,17659.61000000,17659.62,0.0
01:25:44,17650.00000000,17649.0,6e-05
01:25:45,17640.74000000,17639.32,8e-05
01:25:46,17644.63000000,17646.54,0.00011
01:25:48,17648.73000000,17648.53,1e-05
01:25:49,17655.00000000,17659.31,0.00024
01:25:50,17659.46000000,17654.15,0.0003
01:25:51,17653.78000000,17655.06,7e-05
01:25:52,17649.62000000,17648.7,5e-05
01:25:53,17649.61000000,17648.7,5e-05
01:25:54,17642.57000000,17643.0,2e-05
01:25:55,17656.60000000,17652.02,0.00026
01:25:56,17651.24000000,17645.12,0.00035
01:25:57,17642.57000000,17638.56,0.00023
01:25:59,17640.01000000,17641.06,6e-05
01:26:00,17640.95000000,17641.49,3e-05
01:26:01,17648.86000000,17650.02,7e-05
01:26:02,17658.30000000,17657.85,3e-05
01:26:03,17668.59000000,17667.88,4e-05
01:26:04,17676.40000000,17679.94,0.0002
01:26:05,17683.76000000,17683.58,1e-05
01:26:06,17678.58000000,17674.36,0.00024
01:26:07,17676.07000000,17678.47,0.00014
01:26:08,17683.80000000,17680.01,0.00021
01:26:10,17683.81000000,17685.78,0.00011
01:26:11,17693.85000000,17694.86,6e-05
01:26:12,17686.33000000,17690.4,0.00023
01:26:13,17688.44000000,17689.47,6e-05
01:26:14,17685.98000000,17686.05,0.0
01:26:15,17679.18000000,17677.86,7e-05
01:26:16,17692.76000000,17692.76,0
01:26:17,17694.01000000,17692.76,7e-05
01:26:18,17690.92000000,17693.4,0.00014
01:26:20,17691.82000000,17695.91,0.00023
01:26:21,17696.20000000,17695.33,5e-05
01:26:22,17697.15000000,17697.58,2e-05
01:26:23,17706.88000000,17708.2,7e-05
01:26:24,17722.13000000,17704.63,0.00099
01:26:25,17705.40000000,17697.08,0.00047
01:26:26,17697.82000000,17689.99,0.00044
01:26:27,17699.51000000,17691.42,0.00046
01:26:28,17692.75000000,17688.49,0.00024
01:26:29,17690.90000000,17691.23,2e-05
01:26:31,17692.67000000,17688.33,0.00025
01:26:32,17692.67000000,17694.38,0.0001
01:26:33,17701.68000000,17698.9,0.00016
01:26:34,17705.15000000,17698.01,0.0004
01:26:35,17710.51000000,17705.83,0.00026
01:26:36,17709.59000000,17704.07,0.00031
01:26:37,17705.40000000,17702.69,0.00015
01:26:38,17708.09000000,17698.39,0.00055
01:26:39,17704.42000000,17702.32,0.00012
01:26:40,17707.31000000,17698.4,0.0005
01:26:42,17706.30000000,17704.91,8e-05
01:26:43,17709.11000000,17704.46,0.00026
01:26:44,17701.35000000,17694.39,0.00039
01:26:45,17692.68000000,17691.25,8e-05
01:26:46,17694.79000000,17696.03,7e-05
01:26:47,17696.45000000,17690.01,0.00036
01:26:48,17690.00000000,17681.69,0.00047
01:26:49,17687.97000000,17682.14,0.00033
01:26:50,17690.86000000,17682.13,0.00049
01:26:52,17686.43000000,17686.21,1e-05
01:26:53,17693.51000000,17689.45,0.00023
01:26:54,17688.70000000,17685.85,0.00016
01:26:55,17696.67000000,17690.28,0.00036
01:26:56,17695.58000000,17690.27,0.0003
01:26:57,17697.32000000,17695.93,8e-05
01:26:58,17703.82000000,17701.55,0.00013
01:26:59,17697.33000000,17696.41,5e-05
01:27:00,17685.06000000,17697.14,0.00068
01:27:01,17701.62000000,17701.45,1e-05
01:27:03,17706.12000000,17697.31,0.0005
01:27:04,17704.40000000,17704.16,1e-05
01:27:05,17696.43000000,17700.07,0.00021
01:27:06,17696.43000000,17695.97,3e-05
01:27:07,17705.82000000,17700.84,0.00028
01:27:08,17709.56000000,17706.92,0.00015
01:27:09,17709.99000000,17706.92,0.00017
01:27:10,17707.77000000,17717.57,0.00055
01:27:11,17710.50000000,17700.83,0.00055
01:27:12,17696.43000000,17700.84,0.00025
01:27:14,17696.46000000,17685.31,0.00063
01:27:15,17686.31000000,17680.01,0.00036
01:27:16,17674.95000000,17666.48,0.00048
01:27:17,17667.67000000,17666.48,7e-05
01:27:18,17709.68000000,17711.57,0.00011
01:27:19,17711.46000000,17708.82,0.00015
01:27:20,17707.72000000,17710.61,0.00016
01:27:21,17715.03000000,17718.63,0.0002
01:27:22,17717.20000000,17717.47,2e-05
01:27:24,17725.02000000,17721.23,0.00021
01:27:25,17727.83000000,17720.6,0.00041
01:27:26,17721.88000000,17714.97,0.00039
01:27:27,17726.88000000,17717.61,0.00052
01:27:28,17715.52000000,17715.91,2e-05
01:27:29,17717.99000000,17713.97,0.00023
01:27:30,17718.82000000,17718.31,3e-05
01:27:31,17722.80000000,17715.2,0.00043
01:27:32,17716.89000000,17719.59,0.00015
01:27:33,17716.52000000,17709.22,0.00041
01:27:35,17720.02000000,17720.0,0.0
01:27:36,17723.67000000,17719.98,0.00021
01:27:37,17723.67000000,17725.91,0.00013
01:27:38,17732.34000000,17725.92,0.00036
01:27:39,17723.66000000,17725.89,0.00013
01:27:40,17731.63000000,17725.89,0.00032
01:27:41,17731.52000000,17725.92,0.00032
01:27:42,17729.06000000,17724.11,0.00028
01:27:43,17723.67000000,17722.35,7e-05
01:27:44,17717.69000000,17717.41,2e-05
01:27:46,17724.28000000,17721.35,0.00017
01:27:47,17729.84000000,17727.25,0.00015
01:27:48,17734.59000000,17731.52,0.00017
01:27:49,17732.70000000,17731.49,7e-05
01:27:50,17729.86000000,17728.62,7e-05
01:27:51,17730.45000000,17728.45,0.00011
01:27:52,17732.71000000,17724.71,0.00045
01:27:53,17732.73000000,17728.48,0.00024
01:27:54,17740.73000000,17739.17,9e-05
01:27:56,17742.18000000,17739.18,0.00017
01:27:57,17748.03000000,17739.82,0.00046
01:27:58,17746.24000000,17739.02,0.00041
01:27:59,17740.94000000,17737.95,0.00017
01:28:00,17748.89000000,17747.54,8e-05
01:28:01,17757.28000000,17748.5,0.00049
01:28:02,17744.87000000,17741.53,0.00019
01:28:03,17747.52000000,17740.54,0.00039
01:28:04,17744.87000000,17741.45,0.00019
01:28:05,17745.76000000,17735.61,0.00057
01:28:07,17740.01000000,17741.12,6e-05
01:28:08,17744.70000000,17742.78,0.00011
01:28:09,17732.71000000,17732.18,3e-05
01:28:10,17727.80000000,17725.02,0.00016
01:28:11,17725.01000000,17721.34,0.00021
01:28:12,17725.40000000,17719.77,0.00032
01:28:13,17721.29000000,17722.29,6e-05
01:28:14,17727.78000000,17733.32,0.00031
01:28:15,17737.39000000,17734.93,0.00014
01:28:16,17736.19000000,17733.35,0.00016
01:28:18,17732.47000000,17737.95,0.00031
01:28:19,17750.96000000,17737.95,0.00073
01:28:20,17753.24000000,17745.77,0.00042
01:28:21,17742.64000000,17736.44,0.00035
01:28:22,17742.11000000,17738.27,0.00022
01:28:23,17742.95000000,17739.52,0.00019
01:28:24,17745.36000000,17745.68,2e-05
01:28:25,17753.44000000,17749.25,0.00024
01:28:26,17757.04000000,17754.71,0.00013
01:28:28,17751.03000000,17751.3,2e-05
01:28:29,17753.10000000,17751.3,0.0001
01:28:30,17764.11000000,17766.06,0.00011
01:28:31,17779.99000000,17778.45,9e-05
01:28:32,17780.00000000,17779.42,3e-05
01:28:33,17775.49000000,17776.57,6e-05
01:28:34,17779.64000000,17777.61,0.00011
01:28:35,17784.79000000,17780.5,0.00024
01:28:36,17783.62000000,17772.94,0.0006
01:28:37,17768.29000000,17768.16,1e-05
01:28:39,17775.70000000,17777.66,0.00011
01:28:40,17790.77000000,17779.9,0.00061
01:28:41,17788.22000000,17786.99,7e-05
01:28:42,17782.12000000,17779.89,0.00013
01:28:43,17769.77000000,17764.16,0.00032
01:28:44,17764.87000000,17768.94,0.00023
01:28:45,17783.66000000,17783.28,2e-05
01:28:46,17784.57000000,17782.39,0.00012
01:28:47,17778.59000000,17771.11,0.00042
01:28:49,17778.73000000,17764.99,0.00077
01:28:50,17768.92000000,17778.44,0.00054
01:28:51,17781.19000000,17780.38,5e-05
01:28:52,17772.65000000,17765.79,0.00039
01:28:53,17774.08000000,17770.23,0.00022
01:28:54,17778.18000000,17777.65,3e-05
01:28:55,17779.67000000,17776.77,0.00016
01:28:56,17783.65000000,17784.04,2e-05
01:28:57,17790.72000000,17790.42,2e-05
01:28:58,17795.89000000,17787.2,0.00049
01:29:00,17786.16000000,17779.81,0.00036
01:29:01,17782.01000000,17779.81,0.00012
01:29:02,17787.49000000,17783.86,0.0002
01:29:03,17795.16000000,17789.39,0.00032
01:29:04,17776.12000000,17781.33,0.00029
01:29:05,17792.29000000,17787.69,0.00026
01:29:06,17797.09000000,17799.98,0.00016
01:29:07,17795.93000000,17799.07,0.00018
01:29:08,17807.94000000,17803.28,0.00026
01:29:09,17791.49000000,17794.29,0.00016
01:29:11,17793.08000000,17790.44,0.00015
01:29:12,17798.44000000,17796.19,0.00013
01:29:13,17797.77000000,17801.02,0.00018
01:29:14,17801.33000000,17800.0,7e-05
01:29:15,17811.00000000,17809.81,7e-05
01:29:16,17807.66000000,17807.64,0.0
01:29:17,17808.58000000,17809.86,7e-05
01:29:18,17803.10000000,17802.07,6e-05
01:29:19,17802.70000000,17803.9,7e-05
01:29:20,17812.28000000,17805.14,0.0004
01:29:22,17807.75000000,17803.11,0.00026
01:29:23,17805.98000000,17803.12,0.00016
01:29:24,17798.45000000,17793.1,0.0003
01:29:25,17824.03000000,17808.85,0.00085
01:29:26,17824.03000000,17816.23,0.00044
01:29:27,17814.95000000,17815.02,0.0
01:29:28,17818.26000000,17818.65,2e-05
01:29:29,17824.71000000,17812.44,0.00069
01:29:30,17819.45000000,17815.81,0.0002
01:29:32,17821.50000000,17811.43,0.00057
01:29:33,17817.07000000,17818.64,9e-05
01:29:34,17808.47000000,17805.0,0.00019
01:29:35,17829.20000000,17822.12,0.0004
01:29:36,17826.30000000,17817.96,0.00047
01:29:37,17817.37000000,17815.13,0.00013
01:29:38,17813.30000000,17815.28,0.00011
01:29:39,17817.09000000,17815.38,0.0001
01:29:40,17826.29000000,17821.46,0.00027
01:29:41,17828.27000000,17828.23,0.0
01:29:43,17828.27000000,17823.67,0.00026
01:29:44,17822.52000000,17823.02,3e-05
01:29:45,17820.19000000,17819.42,4e-05
01:29:46,17817.57000000,17811.07,0.00036
01:29:47,17812.62000000,17816.25,0.0002
01:29:48,17811.86000000,17808.16,0.00021
01:29:49,17814.95000000,17805.64,0.00052
01:29:50,17806.76000000,17810.89,0.00023
01:29:51,17809.16000000,17814.46,0.0003
01:29:53,17816.29000000,17821.17,0.00027
01:29:54,17817.14000000,17815.48,9e-05
01:29:55,17819.06000000,17818.72,2e-05
01:29:56,17815.00000000,17809.47,0.00031
01:29:57,17815.00000000,17812.99,0.00011
01:29:58,17814.10000000,17814.11,0.0
01:29:59,17811.06000000,17805.06,0.00034
01:30:00,17808.99000000,17808.01,6e-05
01:30:01,17811.85000000,17801.19,0.0006
01:30:02,17800.28000000,17797.92,0.00013
01:30:04,17793.90000000,17779.51,0.00081
01:30:05,17787.25000000,17796.08,0.0005
01:30:06,17807.44000000,17790.62,0.00095
01:30:07,17804.94000000,17806.08,6e-05
01:30:08,17794.10000000,17793.2,5e-05
01:30:09,17785.43000000,17781.97,0.00019
01:30:10,17791.91000000,17791.02,5e-05
01:30:11,17785.41000000,17782.72,0.00015
01:30:12,17787.49000000,17780.28,0.00041
01:30:13,17782.00000000,17778.34,0.00021
01:30:15,17781.98000000,17781.49,3e-05
01:30:16,17785.73000000,17776.31,0.00053
01:30:17,17780.10000000,17779.23,5e-05
01:30:18,17775.76000000,17774.92,5e-05
01:30:19,17776.19000000,17777.92,0.0001
01:30:20,17779.11000000,17777.92,7e-05
01:30:21,17790.61000000,17791.98,8e-05
01:30:22,17790.65000000,17780.61,0.00056
01:30:23,17788.18000000,17784.2,0.00022
01:30:25,17790.64000000,17784.25,0.00036
01:30:26,17783.66000000,17775.88,0.00044
01:30:27,17772.42000000,17767.77,0.00026
01:30:28,17770.86000000,17768.67,0.00012
01:30:29,17776.10000000,17773.83,0.00013
01:30:30,17765.59000000,17767.78,0.00012
01:30:31,17765.61000000,17764.95,4e-05
01:30:32,17776.20000000,17770.28,0.00033
01:30:33,17773.26000000,17766.17,0.0004
01:30:34,17765.90000000,17764.81,6e-05
01:30:36,17769.33000000,17794.01,0.00139
01:30:37,17796.29000000,17798.71,0.00014
01:30:38,17801.48000000,17798.72,0.00016
01:30:39,17808.26000000,17806.07,0.00012
01:30:40,17803.39000000,17807.4,0.00023
01:30:41,17809.83000000,17806.45,0.00019
01:30:42,17812.64000000,17804.99,0.00043
01:30:43,17806.87000000,17808.32,8e-05
01:30:44,17821.85000000,17819.31,0.00014
01:30:45,17817.33000000,17811.42,0.00033
01:30:47,17820.55000000,17813.97,0.00037
01:30:48,17820.31000000,17816.27,0.00023
01:30:49,17832.49000000,17827.14,0.0003
01:30:50,17828.17000000,17824.14,0.00023
01:30:51,17833.26000000,17833.57,2e-05
01:30:52,17837.16000000,17832.93,0.00024
01:30:53,17833.25000000,17831.21,0.00011
01:30:54,17838.94000000,17828.72,0.00057
01:30:55,17835.42000000,17837.76,0.00013
01:30:57,17841.23000000,17834.06,0.0004
01:30:58,17840.07000000,17838.07,0.00011
01:30:59,17842.38000000,17834.3,0.00045
01:31:00,17844.49000000,17838.08,0.00036
01:31:01,17843.05000000,17838.05,0.00028
01:31:02,17843.03000000,17829.99,0.00073
01:31:03,17831.10000000,17823.6,0.00042
01:31:04,17828.21000000,17825.14,0.00017
01:31:05,17831.69000000,17832.73,6e-05
01:31:06,17832.64000000,17816.31,0.00092
01:31:08,17815.47000000,17823.03,0.00042
01:31:09,17825.87000000,17820.68,0.00029
01:31:10,17827.33000000,17819.66,0.00043
01:31:11,17827.33000000,17819.66,0.00043
01:31:12,17828.26000000,17822.31,0.00033
01:31:13,17817.35000000,17811.08,0.00035
01:31:14,17809.57000000,17804.85,0.00027
01:31:15,17809.57000000,17799.75,0.00055
01:31:16,17805.19000000,17802.36,0.00016
01:31:17,17805.31000000,17799.79,0.00031
01:31:19,17804.21000000,17799.8,0.00025
01:31:20,17814.17000000,17816.07,0.00011
01:31:21,17824.47000000,17813.2,0.00063
01:31:22,17824.46000000,17820.65,0.00021
01:31:23,17838.58000000,17833.22,0.0003
01:31:24,17838.39000000,17834.69,0.00021
01:31:25,17837.50000000,17834.68,0.00016
01:31:26,17842.47000000,17834.69,0.00044
01:31:27,17847.83000000,17843.64,0.00023
01:31:29,17840.31000000,17839.64,4e-05
01:31:30,17847.83000000,17843.04,0.00027
01:31:31,17851.90000000,17849.27,0.00015
01:31:32,17855.90000000,17853.01,0.00016
01:31:33,17866.40000000,17864.59,0.0001
01:31:34,17868.89000000,17861.23,0.00043
01:31:35,17857.84000000,17853.26,0.00026
01:31:36,17872.79000000,17861.97,0.00061
01:31:37,17869.25000000,17863.69,0.00031
01:31:39,17873.08000000,17868.76,0.00024
01:31:40,17873.77000000,17863.69,0.00056
01:31:41,17866.24000000,17865.09,6e-05
01:31:42,17870.11000000,17862.96,0.0004
01:31:43,17873.42000000,17862.98,0.00058
01:31:44,17860.08000000,17851.25,0.00049
01:31:45,17850.00000000,17843.08,0.00039
01:31:46,17850.05000000,17845.14,0.00028
01:31:47,17840.52000000,17840.37,1e-05
01:31:49,17847.93000000,17844.6,0.00019
01:31:50,17852.55000000,17854.72,0.00012
01:31:51,17858.48000000,17851.74,0.00038
01:31:52,17866.82000000,17862.94,0.00022
01:31:53,17861.39000000,17858.02,0.00019
01:31:54,17871.27000000,17865.52,0.00032
01:31:55,17868.59000000,17866.28,0.00013
01:31:56,17861.30000000,17855.15,0.00034
01:31:57,17854.92000000,17852.39,0.00014
01:31:58,17856.16000000,17850.5,0.00032
01:32:00,17847.93000000,17842.82,0.00029
01:32:01,17843.14000000,17838.62,0.00025
01:32:02,17842.38000000,17843.44,6e-05
01:32:03,17847.23000000,17842.8,0.00025
01:32:04,17854.37000000,17851.54,0.00016
01:32:05,17844.92000000,17841.28,0.0002
01:32:06,17846.61000000,17842.42,0.00023
01:32:07,17845.01000000,17841.31,0.00021
01:32:08,17839.37000000,17837.91,8e-05
01:32:09,17829.94000000,17825.17,0.00027
01:32:11,17831.93000000,17841.28,0.00052
01:32:12,17847.82000000,17833.27,0.00082
01:32:13,17823.61000000,17819.38,0.00024
01:32:14,17821.62000000,17817.47,0.00023
01:32:15,17824.48000000,17817.47,0.00039
01:32:16,17822.70000000,17811.89,0.00061
01:32:17,17818.04000000,17816.31,0.0001
01:32:18,17819.85000000,17818.45,8e-05
01:32:19,17823.10000000,17825.2,0.00012
01:32:21,17834.30000000,17826.71,0.00043
01:32:22,17830.25000000,17837.04,0.00038
01:32:23,17834.70000000,17832.02,0.00015
01:32:24,17834.71000000,17830.25,0.00025
01:32:25,17841.84000000,17835.9,0.00033
01:32:26,17848.70000000,17849.41,4e-05
01:32:27,17845.90000000,17849.41,0.0002
01:32:28,17844.93000000,17840.63,0.00024
01:32:29,17845.32000000,17847.75,0.00014
01:32:30,17847.04000000,17842.14,0.00027
01:32:32,17843.35000000,17834.37,0.0005
01:32:33,17836.62000000,17837.51,5e-05
01:32:34,17836.61000000,17832.64,0.00022
01:32:35,17836.61000000,17835.24,8e-05
01:32:36,17836.61000000,17832.71,0.00022
01:32:37,17836.61000000,17832.64,0.00022
01:32:38,17838.47000000,17836.13,0.00013
01:32:39,17841.84000000,17847.18,0.0003
01:32:40,17845.60000000,17843.29,0.00013
01:32:42,17847.55000000,17842.39,0.00029
01:32:43,17843.80000000,17835.24,0.00048
01:32:44,17837.53000000,17835.25,0.00013
01:32:45,17834.71000000,17829.34,0.0003
01:32:46,17834.32000000,17829.35,0.00028
01:32:47,17836.61000000,17833.68,0.00016
01:32:48,17833.53000000,17832.41,6e-05
01:32:49,17833.51000000,17832.4,6e-05
01:32:50,17837.95000000,17832.41,0.00031
01:32:51,17839.37000000,17832.44,0.00039
01:32:53,17838.09000000,17835.25,0.00016
01:32:54,17838.08000000,17834.31,0.00021
01:32:55,17838.09000000,17836.03,0.00012
01:32:56,17845.23000000,17837.16,0.00045
01:32:57,17845.48000000,17844.94,3e-05
01:32:58,17849.98000000,17844.93,0.00028
01:32:59,17854.57000000,17850.97,0.0002
01:33:00,17850.26000000,17847.19,0.00017
01:33:01,17853.82000000,17850.96,0.00016
01:33:02,17847.45000000,17843.84,0.0002
01:33:04,17847.44000000,17843.85,0.0002
01:33:05,17846.19000000,17831.2,0.00084
01:33:06,17825.37000000,17826.3,5e-05
01:33:07,17832.51000000,17828.35,0.00023
01:33:08,17847.61000000,17843.84,0.00021
01:33:09,17845.31000000,17834.74,0.00059
01:33:10,17845.31000000,17837.77,0.00042
01:33:11,17845.32000000,17840.48,0.00027
01:33:12,17852.45000000,17848.83,0.0002
01:33:14,17852.45000000,17846.96,0.00031
01:33:15,17852.46000000,17846.96,0.00031
01:33:16,17850.73000000,17846.96,0.00021
01:33:17,17842.54000000,17837.78,0.00027
01:33:18,17854.75000000,17854.42,2e-05
01:33:19,17866.13000000,17863.61,0.00014
01:33:20,17863.53000000,17861.78,0.0001
01:33:21,17861.25000000,17857.26,0.00022
01:33:22,17866.14000000,17861.79,0.00024
01:33:23,17873.28000000,17869.41,0.00022
01:33:25,17873.29000000,17869.21,0.00023
01:33:26,17873.47000000,17867.18,0.00035
01:33:27,17873.22000000,17869.91,0.00019
01:33:28,17873.22000000,17868.33,0.00027
01:33:29,17870.25000000,17866.58,0.00021
01:33:30,17870.24000000,17866.58,0.0002
01:33:31,17870.25000000,17865.07,0.00029
01:33:32,17866.03000000,17861.82,0.00024
01:33:33,17879.39000000,17885.42,0.00034
01:33:34,17894.70000000,17885.62,0.00051
01:33:36,17893.80000000,17889.52,0.00024
01:33:37,17895.04000000,17894.14,5e-05
01:33:38,17896.98000000,17891.57,0.0003
01:33:39,17890.81000000,17888.34,0.00014
01:33:40,17893.41000000,17888.34,0.00028
01:33:41,17900.48000000,17894.14,0.00035
01:33:42,17893.84000000,17890.74,0.00017
01:33:43,17890.23000000,17894.15,0.00022
01:33:44,17886.42000000,17882.6,0.00021
01:33:46,17890.71000000,17888.05,0.00015
01:33:47,17890.09000000,17892.36,0.00013
01:33:48,17889.57000000,17882.42,0.0004
01:33:49,17888.84000000,17883.74,0.00029
01:33:50,17896.01000000,17888.6,0.00041
01:33:51,17905.99000000,17896.71,0.00052
01:33:52,17897.42000000,17888.64,0.00049
01:33:53,17893.23000000,17894.13,5e-05
01:33:54,17890.01000000,17887.33,0.00015
01:33:55,17894.11000000,17890.27,0.00021
01:33:57,17894.28000000,17887.46,0.00038
01:33:58,17892.91000000,17888.74,0.00023
01:33:59,17886.37000000,17883.93,0.00014
01:34:00,17880.70000000,17873.96,0.00038
01:34:01,17877.89000000,17881.81,0.00022
01:34:02,17880.69000000,17877.66,0.00017
01:34:03,17880.75000000,17885.5,0.00027
01:34:04,17893.83000000,17901.32,0.00042
01:34:05,17893.83000000,17901.82,0.00045
01:34:06,17904.15000000,17899.66,0.00025
01:34:08,17899.90000000,17904.79,0.00027
01:34:09,17904.62000000,17901.86,0.00015
01:34:10,17914.38000000,17907.99,0.00036
01:34:11,17926.02000000,17922.49,0.0002
01:34:12,17935.32000000,17926.6,0.00049
01:34:13,17940.40000000,17936.59,0.00021
01:34:14,17957.09000000,17946.4,0.0006
01:34:15,17949.62000000,17942.92,0.00037
01:34:16,17948.48000000,17955.15,0.00037
01:34:18,17951.75000000,17946.83,0.00027
01:34:19,17948.51000000,17949.86,8e-05
01:34:20,17952.96000000,17955.17,0.00012
01:34:21,17976.70000000,17965.86,0.0006
01:34:22,17979.99000000,17975.94,0.00023
01:34:23,17993.35000000,17985.01,0.00046
01:34:24,17988.47000000,17985.0,0.00019
01:34:25,17986.32000000,17985.01,7e-05
01:34:26,17998.96000000,17996.7,0.00013
01:34:27,17999.00000000,17995.81,0.00018
01:34:29,18000.00000000,18004.8,0.00027
01:34:30,18001.93000000,18001.42,3e-05
01:34:31,17986.00000000,17983.29,0.00015
01:34:32,17983.02000000,17983.95,5e-05
01:34:33,17975.57000000,17970.75,0.00027
01:34:34,17981.27000000,17979.26,0.00011
01:34:35,17983.15000000,17983.57,2e-05
01:34:36,17985.30000000,17974.58,0.0006
01:34:37,17977.68000000,17979.42,0.0001
01:34:38,17981.31000000,17978.88,0.00014
01:34:40,17974.32000000,17968.62,0.00032
01:34:41,17972.09000000,17977.81,0.00032
01:34:42,17990.53000000,17990.07,3e-05
01:34:43,17999.99000000,17996.17,0.00021
01:34:44,17997.74000000,17996.19,9e-05
01:34:45,17998.84000000,17994.67,0.00023
01:34:46,18003.03000000,18002.03,6e-05
01:34:47,18004.61000000,18002.02,0.00014
01:34:48,18000.51000000,18002.03,8e-05
01:34:50,18017.01000000,18021.89,0.00027
01:34:51,18026.98000000,18032.66,0.00031
01:34:52,18034.12000000,18025.12,0.0005
01:34:53,18032.93000000,18029.83,0.00017
01:34:54,18031.66000000,18027.1,0.00025
01:34:55,18016.92000000,18022.04,0.00028
01:34:56,18040.14000000,18039.3,5e-05
01:34:57,18025.31000000,18018.27,0.00039
01:34:58,18019.75000000,18015.84,0.00022
01:34:59,18014.17000000,18006.31,0.00044
01:35:01,18019.75000000,18032.45,0.0007
01:35:02,18036.42000000,18019.31,0.00095
01:35:03,18016.37000000,18013.54,0.00016
01:35:04,18016.39000000,18007.41,0.0005
01:35:05,18018.83000000,18015.84,0.00017
01:35:06,18032.58000000,18028.47,0.00023
01:35:07,18033.36000000,18027.55,0.00032
01:35:08,18035.55000000,18024.8,0.0006
01:35:09,18027.54000000,18024.8,0.00015
01:35:10,18028.54000000,18025.42,0.00017
01:35:12,18027.99000000,18022.8,0.00029
01:35:13,18018.73000000,18005.52,0.00073
01:35:14,18003.95000000,17999.11,0.00027
01:35:15,17991.35000000,17992.38,6e-05
01:35:16,17986.24000000,17983.07,0.00018
01:35:17,17979.47000000,17979.97,3e-05
01:35:18,17986.19000000,17981.02,0.00029
01:35:19,17977.75000000,17971.94,0.00032
01:35:20,17981.27000000,17975.57,0.00032
01:35:22,17972.91000000,17965.04,0.00044
01:35:23,17971.56000000,17973.9,0.00013
01:35:24,17975.38000000,17962.4,0.00072
01:35:25,17971.03000000,17965.4,0.00031
01:35:26,17965.38000000,17955.4,0.00056
01:35:27,17957.72000000,17955.35,0.00013
01:35:28,17952.98000000,17947.06,0.00033
01:35:29,17975.20000000,17972.53,0.00015
01:35:30,17973.22000000,17970.09,0.00017
01:35:31,17969.92000000,17968.75,7e-05
01:35:33,17968.00000000,17957.84,0.00057
01:35:34,17957.75000000,17969.1,0.00063
01:35:35,17973.25000000,17970.33,0.00016
01:35:36,17962.82000000,17962.3,3e-05
01:35:37,17966.38000000,17968.41,0.00011
01:35:38,17970.52000000,17968.41,0.00012
01:35:39,17970.52000000,17970.33,1e-05
01:35:40,17970.48000000,17963.29,0.0004
01:35:41,17962.82000000,17963.29,3e-05
01:35:43,17956.43000000,17955.62,5e-05
01:35:44,17954.51000000,17953.63,5e-05
01:35:45,17955.41000000,17951.47,0.00022
01:35:46,17952.48000000,17951.47,6e-05
01:35:47,17950.01000000,17949.3,4e-05
01:35:48,17950.66000000,17958.04,0.00041
01:35:49,17957.20000000,17950.58,0.00037
01:35:50,17953.63000000,17949.76,0.00022
01:35:51,17952.21000000,17952.8,3e-05
01:35:52,17956.10000000,17949.99,0.00034
01:35:54,17947.69000000,17954.14,0.00036
01:35:55,17953.08000000,17954.14,6e-05
01:35:56,17963.46000000,17962.35,6e-05
01:35:57,17959.86000000,17959.03,5e-05
01:35:58,17963.42000000,17959.55,0.00022
01:35:59,17958.86000000,17958.7,1e-05
01:36:00,17960.67000000,17958.69,0.00011
01:36:01,17945.77000000,17942.44,0.00019
01:36:02,17943.44000000,17942.44,6e-05
01:36:04,17940.96000000,17945.34,0.00024
01:36:05,17950.02000000,17939.32,0.0006
01:36:06,17943.60000000,17935.97,0.00043
01:36:07,17940.95000000,17939.25,9e-05
01:36:08,17934.14000000,17926.79,0.00041
01:36:09,17933.52000000,17929.22,0.00024
01:36:10,17916.72000000,17912.55,0.00023
01:36:11,17923.80000000,17919.01,0.00027
01:36:12,17917.94000000,17913.47,0.00025
01:36:13,17923.41000000,17921.6,0.0001
01:36:15,17923.44000000,17921.62,0.0001
01:36:16,17927.37000000,17923.98,0.00019
01:36:17,17930.44000000,17927.6,0.00016
01:36:18,17935.86000000,17935.19,4e-05
01:36:19,17928.34000000,17927.33,6e-05
01:36:20,17921.51000000,17922.05,3e-05
01:36:21,17921.51000000,17920.24,7e-05
01:36:22,17921.51000000,17923.43,0.00011
01:36:23,17920.83000000,17915.04,0.00032
01:36:24,17915.21000000,17914.89,2e-05
01:36:26,17915.18000000,17913.08,0.00012
01:36:27,17914.28000000,17905.59,0.00049
01:36:28,17910.65000000,17902.59,0.00045
01:36:29,17909.23000000,17903.89,0.0003
01:36:30,17922.30000000,17924.68,0.00013
01:36:31,17918.32000000,17912.58,0.00032
01:36:32,17910.69000000,17907.98,0.00015
01:36:33,17911.59000000,17907.98,0.0002
01:36:34,17910.69000000,17907.98,0.00015
01:36:35,17912.73000000,17916.92,0.00023
01:36:37,17923.16000000,17916.92,0.00035
01:36:38,17923.14000000,17916.92,0.00035
01:36:39,17920.54000000,17916.92,0.0002
01:36:40,17922.94000000,17919.74,0.00018
01:36:41,17922.91000000,17918.28,0.00026
01:36:42,17922.90000000,17917.36,0.00031
01:36:43,17911.02000000,17907.07,0.00022
01:36:44,17915.43000000,17916.04,3e-05
01:36:45,17915.44000000,17916.64,7e-05
01:36:47,17915.45000000,17912.33,0.00017
01:36:48,17913.16000000,17904.67,0.00047
01:36:49,17895.18000000,17891.06,0.00023
01:36:50,17886.56000000,17886.69,1e-05
01:36:51,17891.13000000,17890.41,4e-05
01:36:52,17891.13000000,17887.78,0.00019
01:36:53,17873.91000000,17885.79,0.00066
01:36:54,17886.55000000,17883.18,0.00019
01:36:55,17890.64000000,17889.06,9e-05
01:36:56,17886.76000000,17883.7,0.00017
01:36:58,17889.18000000,17889.05,1e-05
01:36:59,17889.19000000,17888.11,6e-05
01:37:00,17886.01000000,17885.77,1e-05
01:37:01,17891.10000000,17886.69,0.00025
01:37:02,17888.59000000,17888.13,3e-05
01:37:03,17888.59000000,17888.12,3e-05
01:37:04,17895.76000000,17896.15,2e-05
01:37:05,17897.30000000,17896.16,6e-05
01:37:06,17898.82000000,17894.54,0.00024
01:37:08,17889.51000000,17885.95,0.0002
01:37:09,17895.62000000,17899.9,0.00024
01:37:10,17898.68000000,17894.35,0.00024
01:37:11,17900.00000000,17897.68,0.00013
01:37:12,17904.74000000,17898.59,0.00034
01:37:13,17904.74000000,17904.37,2e-05
01:37:14,17907.44000000,17904.36,0.00017
01:37:15,17912.73000000,17911.42,7e-05
01:37:16,17913.21000000,17911.42,0.0001
01:37:17,17920.28000000,17918.15,0.00012
01:37:19,17918.20000000,17914.45,0.00021
01:37:20,17912.20000000,17918.15,0.00033
01:37:21,17923.42000000,17920.62,0.00016
01:37:22,17914.02000000,17913.53,3e-05
01:37:23,17920.23000000,17919.97,1e-05
01:37:24,17916.36000000,17916.64,2e-05
01:37:25,17912.73000000,17903.89,0.00049
01:37:26,17909.14000000,17907.94,7e-05
01:37:27,17909.13000000,17909.88,4e-05
01:37:28,17914.00000000,17909.96,0.00023
01:37:30,17914.00000000,17908.52,0.00031
01:37:31,17905.62000000,17903.41,0.00012
01:37:32,17903.75000000,17900.77,0.00017
01:37:33,17896.42000000,17892.56,0.00022
01:37:34,17892.59000000,17897.04,0.00025
01:37:35,17891.44000000,17891.12,2e-05
01:37:36,17895.53000000,17892.48,0.00017
01:37:37,17906.25000000,17905.07,7e-05
01:37:38,17911.29000000,17905.15,0.00034
01:37:40,17911.28000000,17903.38,0.00044
01:37:41,17906.81000000,17905.43,8e-05
01:37:42,17911.24000000,17905.43,0.00032
01:37:43,17911.63000000,17905.78,0.00033
01:37:44,17910.38000000,17904.12,0.00035
01:37:45,17909.34000000,17910.18,5e-05
01:37:46,17920.22000000,17916.17,0.00023
01:37:47,17916.20000000,17909.93,0.00035
01:37:48,17919.13000000,17915.69,0.00019
01:37:49,17919.13000000,17915.68,0.00019
01:37:51,17921.25000000,17917.02,0.00024
01:37:52,17921.26000000,17909.93,0.00063
01:37:53,17917.35000000,17912.27,0.00028
01:37:54,17909.15000000,17905.44,0.00021
01:37:55,17909.15000000,17905.44,0.00021
01:37:56,17909.12000000,17898.72,0.00058
01:37:57,17904.75000000,17898.72,0.00034
01:37:58,17900.00000000,17895.52,0.00025
01:37:59,17902.00000000,17898.2,0.00021
01:38:00,17902.00000000,17899.98,0.00011
01:38:02,17902.01000000,17908.27,0.00035
01:38:03,17915.26000000,17919.3,0.00023
01:38:04,17921.20000000,17919.31,0.00011
01:38:05,17914.88000000,17912.3,0.00014
01:38:06,17906.64000000,17904.58,0.00012
01:38:07,17911.44000000,17909.53,0.00011
01:38:08,17913.83000000,17909.53,0.00024
01:38:09,17912.57000000,17921.91,0.00052
01:38:10,17924.07000000,17924.6,3e-05
01:38:12,17929.44000000,17926.02,0.00019
01:38:13,17927.80000000,17921.59,0.00035
01:38:14,17926.93000000,17919.32,0.00042
01:38:15,17921.04000000,17918.8,0.00013
01:38:16,17924.12000000,17917.35,0.00038
01:38:17,17924.12000000,17920.91,0.00018
01:38:18,17924.12000000,17923.41,4e-05
01:38:19,17923.30000000,17928.44,0.00029
01:38:20,17929.44000000,17923.43,0.00034
01:38:21,17928.70000000,17929.0,2e-05
01:38:23,17929.44000000,17929.01,2e-05
01:38:24,17930.99000000,17930.41,3e-05
01:38:25,17933.75000000,17931.36,0.00013
01:38:26,17941.17000000,17939.5,9e-05
01:38:27,17954.40000000,17947.19,0.0004
01:38:28,17947.46000000,17943.82,0.0002
01:38:29,17960.97000000,17948.16,0.00071
01:38:30,17946.22000000,17942.42,0.00021
01:38:31,17940.14000000,17942.42,0.00013
01:38:32,17932.20000000,17934.22,0.00011
01:38:34,17934.15000000,17933.21,5e-05
01:38:35,17935.74000000,17941.15,0.0003
01:38:36,17935.75000000,17933.24,0.00014
01:38:37,17935.75000000,17933.24,0.00014
01:38:38,17943.82000000,17934.1,0.00054
01:38:39,17943.84000000,17940.78,0.00017
01:38:40,17940.57000000,17939.58,6e-05
01:38:41,17942.20000000,17931.6,0.00059
01:38:42,17931.22000000,17931.28,0.0
01:38:44,17935.72000000,17937.01,7e-05
01:38:45,17940.56000000,17937.01,0.0002
01:38:46,17937.64000000,17937.02,3e-05
01:38:47,17944.19000000,17942.3,0.00011
01:38:48,17938.75000000,17940.88,0.00012
01:38:49,17939.67000000,17937.01,0.00015
01:38:50,17924.86000000,17926.48,9e-05
01:38:51,17927.01000000,17930.65,0.0002
01:38:52,17923.46000000,17918.61,0.00027
01:38:53,17921.03000000,17918.62,0.00013
01:38:55,17921.03000000,17937.69,0.00093
01:38:56,17935.32000000,17927.88,0.00041
01:38:57,17927.02000000,17927.86,5e-05
01:38:58,17935.32000000,17934.74,3e-05
01:38:59,17930.99000000,17928.83,0.00012
01:39:00,17925.01000000,17923.2,0.0001
01:39:01,17927.40000000,17923.58,0.00021
01:39:02,17924.14000000,17921.02,0.00017
01:39:03,17927.73000000,17921.02,0.00037
01:39:04,17927.72000000,17921.02,0.00037
01:39:06,17927.73000000,17921.02,0.00037
01:39:07,17927.73000000,17926.89,5e-05
01:39:08,17938.17000000,17941.91,0.00021
01:39:09,17944.20000000,17939.2,0.00028
01:39:10,17940.75000000,17942.93,0.00012
01:39:11,17943.84000000,17941.7,0.00012
01:39:12,17948.84000000,17945.45,0.00019
01:39:13,17950.26000000,17947.58,0.00015
01:39:14,17951.34000000,17947.58,0.00021
01:39:16,17951.34000000,17946.68,0.00026
01:39:17,17952.86000000,17946.68,0.00034
01:39:18,17951.38000000,17946.68,0.00026
01:39:19,17952.87000000,17946.68,0.00034
01:39:20,17951.34000000,17948.09,0.00018
01:39:21,17950.31000000,17947.2,0.00017
01:39:22,17951.34000000,17947.2,0.00023
01:39:23,17953.60000000,17947.19,0.00036
01:39:24,17955.68000000,17947.2,0.00047
01:39:25,17956.70000000,17950.46,0.00035
01:39:27,17960.28000000,17957.45,0.00016
01:39:28,17962.10000000,17954.94,0.0004
01:39:29,17959.55000000,17962.59,0.00017
01:39:30,17974.76000000,17962.6,0.00068
01:39:31,17969.81000000,17962.6,0.0004
01:39:32,17965.24000000,17961.14,0.00023
01:39:33,17958.74000000,17955.85,0.00016
01:39:34,17958.95000000,17956.45,0.00014
01:39:35,17957.18000000,17959.66,0.00014
01:39:36,17959.50000000,17956.19,0.00018
01:39:38,17957.49000000,17958.22,4e-05
01:39:39,17959.45000000,17960.98,9e-05
01:39:40,17968.41000000,17966.52,0.00011
01:39:41,17968.41000000,17965.37,0.00017
01:39:42,17968.44000000,17965.38,0.00017
01:39:43,17966.64000000,17964.41,0.00012
01:39:44,17966.63000000,17964.4,0.00012
01:39:45,17966.64000000,17966.47,1e-05
01:39:46,17969.08000000,17962.99,0.00034
01:39:48,17964.41000000,17961.16,0.00018
01:39:49,17964.41000000,17958.63,0.00032
01:39:50,17955.68000000,17941.69,0.00078
01:39:51,17955.70000000,17950.39,0.0003
01:39:52,17952.13000000,17952.4,2e-05
01:39:53,17952.12000000,17952.4,2e-05
01:39:54,17945.96000000,17948.09,0.00012
01:39:55,17953.15000000,17951.43,0.0001
01:39:56,17959.45000000,17954.04,0.0003
01:39:57,17958.61000000,17965.69,0.00039
01:39:59,17962.67000000,17961.74,5e-05
01:40:00,17964.44000000,17961.73,0.00015
01:40:01,17958.63000000,17958.18,3e-05
01:40:02,17962.66000000,17958.18,0.00025
01:40:03,17953.20000000,17954.12,5e-05
01:40:04,17960.92000000,17957.73,0.00018
01:40:05,17953.20000000,17953.66,3e-05
01:40:06,17953.98000000,17953.59,2e-05
01:40:07,17950.02000000,17950.31,2e-05
01:40:08,17950.01000000,17945.64,0.00024
01:40:10,17937.54000000,17939.93,0.00013
01:40:11,17935.40000000,17930.97,0.00025
01:40:12,17937.55000000,17933.76,0.00021
01:40:13,17937.56000000,17942.47,0.00027
01:40:14,17940.59000000,17933.95,0.00037
01:40:15,17935.46000000,17933.95,8e-05
01:40:16,17935.34000000,17930.69,0.00026
01:40:17,17931.40000000,17925.01,0.00036
01:40:18,17924.18000000,17925.0,5e-05
01:40:20,17925.98000000,17925.0,5e-05
01:40:21,17921.89000000,17924.99,0.00017
01:40:22,17921.93000000,17920.36,9e-05
01:40:23,17909.66000000,17918.69,0.0005
01:40:24,17916.09000000,17924.06,0.00044
01:40:25,17919.76000000,17917.5,0.00013
01:40:26,17919.76000000,17917.5,0.00013
01:40:27,17914.94000000,17915.89,5e-05
01:40:28,17912.55000000,17915.88,0.00019
01:40:29,17917.02000000,17915.89,6e-05
01:40:31,17915.36000000,17915.89,3e-05
01:40:32,17919.48000000,17900.25,0.00107
01:40:33,17907.35000000,17909.82,0.00014
01:40:34,17905.39000000,17909.9,0.00025
01:40:35,17907.58000000,17905.3,0.00013
01:40:36,17907.30000000,17909.9,0.00015
01:40:37,17913.88000000,17913.33,3e-05
01:40:38,17915.71000000,17913.33,0.00013
01:40:39,17907.58000000,17906.16,8e-05
01:40:40,17905.85000000,17901.47,0.00024
01:40:42,17905.38000000,17907.2,0.0001
01:40:43,17912.94000000,17914.92,0.00011
01:40:44,17909.79000000,17914.54,0.00027
01:40:45,17916.60000000,17907.92,0.00048
01:40:46,17908.92000000,17910.1,7e-05
01:40:47,17902.02000000,17901.3,4e-05
01:40:48,17907.15000000,17900.25,0.00039
01:40:49,17902.03000000,17904.37,0.00013
01:40:50,17897.76000000,17895.0,0.00015
01:40:52,17896.70000000,17889.54,0.0004
01:40:53,17895.17000000,17893.55,9e-05
01:40:54,17892.21000000,17889.55,0.00015
01:40:55,17900.21000000,17899.71,3e-05
01:40:56,17902.86000000,17904.17,7e-05
01:40:57,17895.17000000,17892.6,0.00014
01:40:58,17895.17000000,17895.28,1e-05
01:40:59,17891.50000000,17893.36,0.0001
01:41:00,17890.01000000,17893.33,0.00019
01:41:01,17892.19000000,17883.62,0.00048
01:41:03,17886.27000000,17902.01,0.00088
01:41:04,17900.00000000,17900.64,4e-05
01:41:05,17899.99000000,17900.92,5e-05
01:41:06,17896.62000000,17899.21,0.00014
01:41:07,17895.04000000,17895.62,3e-05
01:41:08,17896.65000000,17894.25,0.00013
01:41:09,17886.42000000,17891.98,0.00031
01:41:10,17890.64000000,17886.08,0.00025
01:41:11,17890.66000000,17892.02,8e-05
01:41:12,17888.36000000,17881.79,0.00037
01:41:14,17890.63000000,17884.7,0.00033
01:41:15,17888.32000000,17884.7,0.0002
01:41:16,17886.88000000,17886.38,3e-05
01:41:17,17886.89000000,17888.1,7e-05
01:41:18,17886.89000000,17885.79,6e-05
01:41:19,17891.16000000,17888.28,0.00016
01:41:20,17885.01000000,17885.22,1e-05
01:41:21,17886.90000000,17885.23,9e-05
01:41:22,17886.90000000,17885.23,9e-05
01:41:24,17892.41000000,17886.57,0.00033
01:41:25,17891.49000000,17890.4,6e-05
01:41:26,17891.42000000,17891.83,2e-05
01:41:27,17894.14000000,17894.2,0.0
01:41:28,17894.14000000,17894.22,0.0
01:41:29,17894.13000000,17894.21,0.0
01:41:30,17893.77000000,17895.39,9e-05
01:41:31,17896.77000000,17895.65,6e-05
01:41:32,17896.77000000,17895.65,6e-05
01:41:34,17896.77000000,17898.21,8e-05
01:41:35,17899.96000000,17899.56,2e-05
01:41:36,17899.92000000,17904.02,0.00023
01:41:37,17905.18000000,17906.61,8e-05
01:41:38,17908.74000000,17908.55,1e-05
01:41:39,17912.94000000,17919.15,0.00035
01:41:40,17916.60000000,17914.63,0.00011
01:41:41,17916.60000000,17914.62,0.00011
01:41:42,17921.25000000,17925.02,0.00021
01:41:43,17925.99000000,17925.0,6e-05
01:41:45,17930.02000000,17931.86,0.0001
01:41:46,17928.58000000,17931.86,0.00018
01:41:47,17926.44000000,17930.51,0.00023
01:41:48,17920.02000000,17924.21,0.00023
01:41:49,17920.01000000,17922.87,0.00016
01:41:50,17920.01000000,17919.51,3e-05
01:41:51,17917.16000000,17918.16,6e-05
01:41:52,17919.99000000,17918.16,0.0001
01:41:53,17919.98000000,17918.11,0.0001
01:41:55,17918.86000000,17918.17,4e-05
01:41:56,17917.59000000,17918.17,3e-05
01:41:57,17920.01000000,17921.41,8e-05
01:41:58,17920.99000000,17921.4,2e-05
01:41:59,17920.98000000,17921.4,2e-05
01:42:00,17919.04000000,17921.41,0.00013
01:42:01,17920.67000000,17921.4,4e-05
01:42:02,17920.68000000,17923.84,0.00018
01:42:03,17918.86000000,17919.15,2e-05
01:42:04,17915.92000000,17922.5,0.00037
01:42:06,17924.99000000,17920.49,0.00025
01:42:07,17921.71000000,17923.84,0.00012
01:42:08,17921.72000000,17924.99,0.00018
01:42:09,17923.49000000,17924.99,8e-05
01:42:10,17921.73000000,17924.99,0.00018
01:42:11,17928.17000000,17920.5,0.00043
01:42:12,17949.63000000,17943.13,0.00036
01:42:13,17952.36000000,17952.15,1e-05
01:42:14,17951.15000000,17958.08,0.00039
01:42:15,17956.06000000,17958.08,0.00011
01:42:17,17954.73000000,17958.08,0.00019
01:42:18,17956.56000000,17960.34,0.00021
01:42:19,17957.51000000,17960.34,0.00016
01:42:20,17957.50000000,17959.4,0.00011
01:42:21,17956.49000000,17954.48,0.00011
01:42:22,17956.37000000,17954.47,0.00011
01:42:23,17951.16000000,17950.15,6e-05
01:42:24,17952.12000000,17950.15,0.00011
01:42:25,17952.12000000,17950.14,0.00011
01:42:27,17947.10000000,17943.14,0.00022
01:42:28,17940.48000000,17938.14,0.00013
01:42:29,17944.87000000,17938.14,0.00038
01:42:30,17941.63000000,17941.82,1e-05
01:42:31,17941.62000000,17941.82,1e-05
01:42:32,17941.62000000,17939.6,0.00011
01:42:33,17941.63000000,17940.88,4e-05
01:42:34,17940.49000000,17940.89,2e-05
01:42:35,17940.49000000,17940.89,2e-05
01:42:36,17940.48000000,17940.89,2e-05
01:42:38,17940.48000000,17940.9,2e-05
01:42:39,17938.69000000,17940.89,0.00012
01:42:40,17937.69000000,17941.64,0.00022
01:42:41,17941.62000000,17940.9,4e-05
01:42:42,17941.61000000,17940.9,4e-05
01:42:43,17941.62000000,17940.9,4e-05
01:42:44,17935.82000000,17936.26,2e-05
01:42:45,17930.32000000,17933.48,0.00018
01:42:46,17932.32000000,17929.31,0.00017
01:42:48,17932.36000000,17932.0,2e-05
01:42:49,17932.92000000,17932.0,5e-05
01:42:50,17929.07000000,17933.97,0.00027
01:42:51,17932.86000000,17930.65,0.00012
01:42:52,17943.10000000,17938.26,0.00027
01:42:53,17943.11000000,17942.0,6e-05
01:42:54,17941.63000000,17940.66,5e-05
01:42:55,17941.63000000,17946.28,0.00026
01:42:57,17950.74000000,17949.36,8e-05
01:42:58,17950.74000000,17949.39,8e-05
01:42:59,17949.95000000,17947.94,0.00011
01:43:00,17954.44000000,17951.65,0.00016
01:43:01,17952.12000000,17953.08,5e-05
01:43:02,17959.34000000,17956.14,0.00018
01:43:03,17959.27000000,17954.45,0.00027
01:43:04,17941.64000000,17940.75,5e-05
01:43:05,17946.29000000,17947.09,4e-05
01:43:06,17949.39000000,17947.09,0.00013
01:43:08,17946.31000000,17948.89,0.00014
01:43:09,17955.47000000,17954.21,7e-05
01:43:10,17942.71000000,17940.69,0.00011
01:43:11,17951.52000000,17948.34,0.00018
01:43:12,17957.57000000,17950.55,0.00039
01:43:13,17957.63000000,17956.48,6e-05
01:43:14,17964.82000000,17963.34,8e-05
01:43:15,17965.88000000,17965.29,3e-05
01:43:16,17966.77000000,17961.19,0.00031
01:43:18,17965.21000000,17963.09,0.00012
01:43:19,17962.53000000,17961.5,6e-05
01:43:20,17958.03000000,17961.47,0.00019
01:43:21,17954.87000000,17951.01,0.00022
01:43:22,17958.00000000,17953.68,0.00024
01:43:23,17954.93000000,17951.67,0.00018
01:43:24,17946.63000000,17947.1,3e-05
01:43:26,17947.35000000,17947.09,1e-05
01:43:27,17947.34000000,17947.1,1e-05
01:43:28,17947.35000000,17947.1,1e-05
01:43:29,17951.83000000,17957.18,0.0003
01:43:30,17956.33000000,17955.83,3e-05
01:43:32,17960.00000000,17956.47,0.0002
01:43:33,17964.01000000,17962.04,0.00011
01:43:34,17964.02000000,17962.99,6e-05
01:43:35,17960.48000000,17962.03,9e-05
01:43:36,17960.48000000,17957.84,0.00015
01:43:37,17960.01000000,17955.11,0.00027
01:43:38,17959.99000000,17955.11,0.00027
01:43:39,17949.70000000,17955.1,0.0003
01:43:40,17950.61000000,17951.68,6e-05
01:43:42,17950.00000000,17950.48,3e-05
01:43:43,17950.60000000,17951.83,7e-05
01:43:44,17953.10000000,17951.83,7e-05
01:43:45,17950.56000000,17950.33,1e-05
01:43:46,17953.04000000,17950.14,0.00016
01:43:47,17953.05000000,17950.14,0.00016
01:43:48,17953.04000000,17950.16,0.00016
01:43:49,17955.71000000,17955.22,3e-05
01:43:50,17955.72000000,17955.27,3e-05
01:43:51,17962.53000000,17958.15,0.00024
01:43:53,17956.89000000,17958.15,7e-05
01:43:54,17953.04000000,17955.28,0.00012
01:43:55,17957.49000000,17949.9,0.00042
01:43:56,17953.15000000,17955.25,0.00012
01:43:57,17954.63000000,17953.77,5e-05
01:43:58,17954.67000000,17953.77,5e-05
01:43:59,17952.15000000,17953.77,9e-05
01:44:00,17952.15000000,17953.77,9e-05
01:44:02,17952.14000000,17950.13,0.00011
01:44:03,17954.62000000,17950.27,0.00024
01:44:04,17954.62000000,17955.26,4e-05
01:44:05,17954.64000000,17955.27,4e-05
01:44:06,17958.11000000,17956.75,8e-05
01:44:07,17952.12000000,17950.26,0.0001
01:44:08,17950.61000000,17947.11,0.0002
01:44:09,17950.61000000,17948.83,0.0001
01:44:10,17952.76000000,17948.84,0.00022
01:44:11,17952.77000000,17948.84,0.00022
01:44:13,17952.78000000,17951.39,8e-05
01:44:14,17950.00000000,17948.84,6e-05
01:44:15,17950.00000000,17948.83,7e-05
01:44:16,17952.78000000,17948.83,0.00022
01:44:17,17954.57000000,17952.41,0.00012
01:44:18,17955.35000000,17952.41,0.00016
01:44:19,17956.81000000,17956.01,4e-05
01:44:20,17955.35000000,17956.01,4e-05
01:44:21,17956.28000000,17954.57,0.0001
01:44:23,17956.27000000,17954.57,9e-05
01:44:24,17956.27000000,17953.13,0.00017
01:44:25,17954.75000000,17956.75,0.00011
01:44:26,17956.30000000,17958.07,0.0001
01:44:27,17961.32000000,17962.34,6e-05
01:44:28,17960.70000000,17962.33,9e-05
01:44:29,17950.63000000,17955.61,0.00028
01:44:30,17953.05000000,17953.54,3e-05
01:44:31,17954.65000000,17953.54,6e-05
01:44:33,17954.64000000,17953.54,6e-05
01:44:34,17956.59000000,17953.55,0.00017
01:44:35,17953.06000000,17953.55,3e-05
01:44:36,17954.63000000,17953.55,6e-05
01:44:37,17953.07000000,17953.55,3e-05
01:44:38,17954.54000000,17953.54,6e-05
01:44:39,17950.65000000,17953.54,0.00016
01:44:40,17954.64000000,17953.54,6e-05
01:44:41,17966.53000000,17969.03,0.00014
01:44:42,17965.93000000,17967.63,9e-05
01:44:44,17967.55000000,17967.32,1e-05
01:44:45,17967.56000000,17967.32,1e-05
01:44:46,17967.55000000,17967.63,0.0
01:44:47,17967.56000000,17967.63,0.0
01:44:48,17965.75000000,17967.63,0.0001
01:44:49,17964.73000000,17967.63,0.00016
01:44:50,17967.83000000,17967.64,1e-05
01:44:51,17971.54000000,17973.31,0.0001
01:44:52,17982.14000000,17984.46,0.00013
01:44:54,17984.18000000,17984.46,2e-05
01:44:55,17990.79000000,17996.34,0.00031
01:44:56,17994.98000000,17999.29,0.00024
01:44:57,17993.26000000,17994.3,6e-05
01:44:58,17993.00000000,17996.3,0.00018
01:44:59,17990.60000000,17992.96,0.00013
01:45:00,17996.18000000,17992.96,0.00018
01:45:01,17984.18000000,17991.53,0.00041
01:45:02,17987.99000000,17988.42,2e-05
01:45:04,17989.69000000,17988.42,7e-05
01:45:05,17987.98000000,17981.95,0.00034
01:45:06,17980.66000000,17977.09,0.0002
01:45:07,17976.51000000,17977.08,3e-05
01:45:08,17976.52000000,17975.69,5e-05
01:45:09,17969.58000000,17974.28,0.00026
01:45:10,17972.78000000,17974.29,8e-05
01:45:11,17972.78000000,17983.81,0.00061
01:45:12,17987.98000000,18000.0,0.00067
01:45:13,17997.92000000,17997.54,2e-05
01:45:15,17996.17000000,17997.54,8e-05
01:45:16,17999.99000000,17999.99,0
01:45:17,17997.30000000,17999.98,0.00015
01:45:18,17997.43000000,17998.59,6e-05
01:45:19,18001.85000000,17998.59,0.00018
01:45:20,18004.75000000,18004.01,4e-05
01:45:21,18007.21000000,18004.12,0.00017
01:45:22,18007.98000000,18006.3,9e-05
01:45:23,18011.33000000,18006.3,0.00028
01:45:25,18020.74000000,18023.06,0.00013
01:45:26,18024.03000000,18029.17,0.00029
01:45:27,18022.10000000,18022.27,1e-05
01:45:28,18030.83000000,18025.94,0.00027
01:45:29,18020.25000000,18020.82,3e-05
01:45:30,18024.31000000,18019.86,0.00025
01:45:31,18028.53000000,18025.9,0.00015
01:45:32,18031.37000000,18027.79,0.0002
01:45:33,18033.96000000,18032.76,7e-05
01:45:35,18027.47000000,18032.75,0.00029
01:45:36,18030.47000000,18027.03,0.00019
01:45:37,18030.35000000,18024.64,0.00032
01:45:38,18016.22000000,18022.32,0.00034
01:45:39,18000.01000000,18001.94,0.00011
01:45:40,17998.49000000,18000.57,0.00012
01:45:41,17997.31000000,17991.18,0.00034
01:45:42,17981.37000000,17984.49,0.00017
01:45:43,17982.27000000,17984.49,0.00012
01:45:45,17982.27000000,17980.33,0.00011
01:45:46,17978.65000000,17980.32,9e-05
01:45:47,17978.36000000,17978.89,3e-05
01:45:48,17980.14000000,17980.35,1e-05
01:45:49,17981.36000000,17983.93,0.00014
01:45:50,17978.11000000,17982.15,0.00022
01:45:51,17979.56000000,17983.9,0.00024
01:45:52,17985.24000000,17993.09,0.00044
01:45:53,17980.39000000,17983.89,0.00019
01:45:54,17975.00000000,17981.55,0.00036
01:45:56,17979.44000000,17983.89,0.00025
01:45:57,17983.15000000,17982.07,6e-05
01:45:58,17978.81000000,17975.02,0.00021
01:45:59,17975.01000000,17975.02,0.0
01:46:00,17976.99000000,17977.93,5e-05
01:46:01,17975.25000000,17977.93,0.00015
01:46:02,17974.97000000,17973.92,6e-05
01:46:03,17970.98000000,17966.96,0.00022
01:46:04,17969.42000000,17966.96,0.00014
01:46:05,17965.01000000,17966.96,0.00011
01:46:07,17970.09000000,17966.95,0.00017
01:46:08,17964.89000000,17962.25,0.00015
01:46:09,17962.75000000,17965.39,0.00015
01:46:10,17964.74000000,17965.39,4e-05
01:46:11,17966.56000000,17965.38,7e-05
01:46:12,17964.83000000,17965.39,3e-05
01:46:13,17968.98000000,17965.39,0.0002
01:46:14,17966.57000000,17965.39,7e-05
01:46:15,17970.63000000,17972.75,0.00012
01:46:17,17980.36000000,17976.65,0.00021
01:46:18,17979.73000000,17978.25,8e-05
01:46:19,17985.10000000,17979.32,0.00032
01:46:20,17981.60000000,17979.32,0.00013
01:46:21,17980.37000000,17979.31,6e-05
01:46:22,17980.37000000,17979.32,6e-05
01:46:23,17983.97000000,17979.31,0.00026
01:46:24,17973.68000000,17981.0,0.00041
01:46:25,17984.52000000,17981.0,0.0002
01:46:26,17981.32000000,17982.52,7e-05
01:46:28,17982.90000000,17982.51,2e-05
01:46:29,17985.59000000,17982.52,0.00017
01:46:30,17983.17000000,17980.76,0.00013
01:46:31,17982.35000000,17984.32,0.00011
01:46:32,17978.36000000,17976.83,9e-05
01:46:33,17973.85000000,17976.83,0.00017
01:46:34,17968.45000000,17972.63,0.00023
01:46:35,17964.05000000,17965.38,7e-05
01:46:36,17963.44000000,17965.27,0.0001
01:46:38,17965.92000000,17962.79,0.00017
01:46:39,17968.91000000,17968.13,4e-05
01:46:40,17967.11000000,17966.65,3e-05
01:46:41,17971.56000000,17966.66,0.00027
01:46:42,17968.42000000,17968.14,2e-05
01:46:43,17967.11000000,17968.14,6e-05
01:46:44,17967.10000000,17966.67,2e-05
01:46:45,17965.98000000,17962.79,0.00018
01:46:46,17966.56000000,17965.62,5e-05
01:46:47,17967.40000000,17964.27,0.00017
01:46:49,17965.62000000,17962.8,0.00016
01:46:50,17973.18000000,17969.32,0.00021
01:46:51,17975.19000000,17969.32,0.00033
01:46:52,17976.68000000,17969.41,0.0004
01:46:53,17976.68000000,17975.52,6e-05
01:46:54,17969.00000000,17969.34,2e-05
01:46:55,17969.67000000,17969.34,2e-05
01:46:56,17960.74000000,17943.33,0.00097
01:46:57,17943.61000000,17939.21,0.00025
01:46:58,17940.89000000,17940.68,1e-05
01:47:00,17943.58000000,17939.2,0.00024
01:47:01,17938.36000000,17932.52,0.00033
01:47:02,17932.91000000,17932.53,2e-05
01:47:03,17938.64000000,17932.53,0.00034
01:47:04,17921.51000000,17934.46,0.00072
01:47:05,17938.63000000,17932.4,0.00035
01:47:06,17930.58000000,17923.08,0.00042
01:47:07,17926.47000000,17931.5,0.00028
01:47:08,17929.80000000,17924.67,0.00029
01:47:10,17932.39000000,17932.54,1e-05
01:47:11,17936.94000000,17932.3,0.00026
01:47:12,17934.95000000,17934.35,3e-05
01:47:13,17941.34000000,17936.11,0.00029
01:47:14,17939.29000000,17937.71,9e-05
01:47:15,17941.33000000,17937.71,0.0002
01:47:16,17939.22000000,17935.82,0.00019
01:47:17,17939.99000000,17944.13,0.00023
01:47:18,17939.99000000,17941.36,8e-05
01:47:20,17939.99000000,17941.36,8e-05
01:47:21,17941.34000000,17941.35,0.0
01:47:22,17938.38000000,17937.05,7e-05
01:47:23,17938.71000000,17937.05,9e-05
01:47:24,17935.75000000,17937.04,7e-05
01:47:25,17935.75000000,17934.36,8e-05
01:47:26,17930.36000000,17927.78,0.00014
01:47:27,17927.02000000,17925.43,9e-05
01:47:28,17925.93000000,17921.3,0.00026
01:47:30,17925.92000000,17923.98,0.00011
01:47:31,17924.98000000,17923.97,6e-05
01:47:32,17931.54000000,17937.74,0.00035
01:47:33,17939.98000000,17937.74,0.00012
01:47:34,17939.55000000,17937.58,0.00011
01:47:35,17936.58000000,17937.59,6e-05
01:47:36,17941.32000000,17938.0,0.00019
01:47:37,17937.75000000,17937.59,1e-05
01:47:38,17937.50000000,17937.59,1e-05
01:47:39,17935.76000000,17932.34,0.00019
01:47:41,17933.04000000,17933.96,5e-05
01:47:42,17936.57000000,17929.03,0.00042
01:47:43,17936.57000000,17941.17,0.00026
01:47:44,17942.26000000,17936.14,0.00034
01:47:45,17942.06000000,17941.0,6e-05
01:47:46,17944.68000000,17939.01,0.00032
01:47:47,17944.51000000,17939.01,0.00031
01:47:48,17944.51000000,17942.75,0.0001
01:47:49,17941.32000000,17942.75,8e-05
01:47:51,17944.50000000,17945.87,8e-05
01:47:52,17946.15000000,17945.88,2e-05
01:47:53,17946.31000000,17941.07,0.00029
01:47:54,17942.12000000,17942.5,2e-05
01:47:55,17933.24000000,17932.68,3e-05
01:47:56,17930.61000000,17932.68,0.00012
01:47:57,17930.26000000,17928.75,8e-05
01:47:58,17928.04000000,17926.52,8e-05
01:47:59,17928.05000000,17925.49,0.00014
01:48:00,17935.86000000,17937.68,0.0001
01:48:02,17936.04000000,17932.76,0.00018
01:48:03,17936.04000000,17937.28,7e-05
01:48:04,17941.14000000,17937.28,0.00022
01:48:05,17942.07000000,17941.86,1e-05
01:48:06,17942.07000000,17941.86,1e-05
01:48:07,17938.80000000,17937.24,9e-05
01:48:08,17938.80000000,17937.26,9e-05
01:48:09,17938.87000000,17937.26,9e-05
01:48:10,17942.06000000,17935.59,0.00036
01:48:12,17937.68000000,17938.74,6e-05
01:48:13,17942.05000000,17938.74,0.00018
01:48:14,17942.05000000,17936.56,0.00031
01:48:15,17938.85000000,17936.59,0.00013
01:48:16,17938.47000000,17936.45,0.00011
01:48:17,17937.67000000,17936.45,7e-05
01:48:18,17937.66000000,17933.17,0.00025
01:48:19,17928.00000000,17926.0,0.00011
01:48:20,17926.98000000,17924.53,0.00014
01:48:21,17926.97000000,17924.53,0.00014
01:48:23,17924.01000000,17924.53,3e-05
01:48:24,17924.00000000,17924.56,3e-05
01:48:25,17930.39000000,17924.54,0.00033
01:48:26,17925.96000000,17920.95,0.00028
01:48:27,17918.58000000,17918.01,3e-05
01:48:28,17913.80000000,17913.32,3e-05
01:48:29,17903.48000000,17901.59,0.00011
01:48:30,17906.24000000,17903.82,0.00014
01:48:31,17913.31000000,17915.7,0.00013
01:48:32,17913.74000000,17914.67,5e-05
01:48:34,17913.41000000,17914.67,7e-05
01:48:35,17916.70000000,17918.01,7e-05
01:48:36,17916.56000000,17914.67,0.00011
01:48:37,17917.04000000,17914.67,0.00013
01:48:38,17917.52000000,17914.67,0.00016
01:48:39,17917.56000000,17919.48,0.00011
01:48:40,17921.16000000,17922.79,9e-05
01:48:41,17922.73000000,17926.95,0.00024
01:48:42,17929.73000000,17932.58,0.00016
01:48:44,17926.90000000,17928.97,0.00012
01:48:45,17934.22000000,17930.47,0.00021
01:48:46,17934.99000000,17936.36,8e-05
01:48:47,17936.77000000,17936.36,2e-05
01:48:48,17942.05000000,17942.9,5e-05
01:48:49,17949.10000000,17947.53,9e-05
01:48:50,17951.03000000,17953.01,0.00011
01:48:51,17957.02000000,17953.01,0.00022
01:48:52,17955.22000000,17954.48,4e-05
01:48:53,17959.07000000,17956.34,0.00015
01:48:55,17960.74000000,17962.52,0.0001
01:48:56,17960.75000000,17949.11,0.00065
01:48:57,17951.19000000,17950.58,3e-05
01:48:58,17956.02000000,17955.02,6e-05
01:48:59,17956.23000000,17958.06,0.0001
01:49:00,17951.50000000,17958.06,0.00037
01:49:01,17956.34000000,17955.02,7e-05
01:49:02,17956.34000000,17955.02,7e-05
01:49:03,17958.47000000,17955.02,0.00019
01:49:04,17957.60000000,17955.02,0.00014
01:49:06,17957.59000000,17955.03,0.00014
01:49:07,17957.60000000,17955.03,0.00014
01:49:08,17956.69000000,17955.01,9e-05
01:49:09,17956.69000000,17952.47,0.00024
01:49:10,17956.70000000,17955.01,9e-05
01:49:11,17956.70000000,17952.46,0.00024
01:49:12,17960.05000000,17957.03,0.00017
01:49:13,17963.78000000,17961.41,0.00013
01:49:14,17967.22000000,17975.86,0.00048
01:49:16,17978.73000000,17985.14,0.00036
01:49:17,17983.14000000,17983.45,2e-05
01:49:18,17984.56000000,17983.47,6e-05
01:49:19,17986.13000000,17983.47,0.00015
01:49:20,17986.13000000,17983.07,0.00017
01:49:21,17990.04000000,17987.75,0.00013
01:49:22,17988.42000000,17987.74,4e-05
01:49:23,17973.84000000,17977.66,0.00021
01:49:24,17974.75000000,17975.88,6e-05
01:49:25,17972.37000000,17971.89,3e-05
01:49:27,17968.77000000,17967.97,4e-05
01:49:28,17971.85000000,17967.97,0.00022
01:49:29,17967.23000000,17965.34,0.00011
01:49:30,17963.20000000,17958.8,0.00025
01:49:31,17963.17000000,17958.8,0.00024
01:49:32,17963.17000000,17958.57,0.00026
01:49:33,17957.19000000,17950.68,0.00036
01:49:34,17958.49000000,17953.53,0.00028
01:49:35,17960.26000000,17963.34,0.00017
01:49:36,17962.75000000,17963.33,3e-05
01:49:38,17969.38000000,17961.45,0.00044
01:49:39,17965.92000000,17967.15,7e-05
01:49:40,17965.95000000,17965.67,2e-05
01:49:41,17970.48000000,17971.03,3e-05
01:49:42,17970.48000000,17969.49,6e-05
01:49:43,17970.50000000,17971.9,8e-05
01:49:44,17972.05000000,17971.9,1e-05
01:49:45,17974.75000000,17979.68,0.00027
01:49:47,17973.97000000,17966.5,0.00042
01:49:48,17973.96000000,17974.8,5e-05
01:49:49,17971.59000000,17973.33,0.0001
01:49:50,17973.98000000,17974.69,4e-05
01:49:51,17973.98000000,17971.33,0.00015
01:49:52,17968.34000000,17963.51,0.00027
01:49:53,17968.34000000,17969.26,5e-05
01:49:54,17968.04000000,17969.26,7e-05
01:49:55,17973.68000000,17969.66,0.00022
01:49:56,17971.70000000,17975.68,0.00022
01:49:58,17973.67000000,17970.75,0.00016
01:49:59,17971.71000000,17970.75,5e-05
01:50:00,17971.72000000,17974.2,0.00014
01:50:01,17973.97000000,17971.44,0.00014
01:50:02,17973.06000000,17966.62,0.00036
01:50:03,17972.06000000,17966.62,0.0003
01:50:04,17965.96000000,17964.05,0.00011
01:50:05,17967.43000000,17968.32,5e-05
01:50:06,17969.12000000,17968.32,4e-05
01:50:07,17967.45000000,17966.86,3e-05
01:50:09,17967.43000000,17966.01,8e-05
01:50:10,17967.43000000,17967.52,1e-05
01:50:11,17965.17000000,17965.58,2e-05
01:50:12,17965.17000000,17965.59,2e-05
01:50:13,17965.35000000,17967.96,0.00015
01:50:14,17965.38000000,17968.07,0.00015
01:50:15,17971.07000000,17968.07,0.00017
01:50:16,17973.45000000,17972.57,5e-05
01:50:17,17975.98000000,17976.25,2e-05
01:50:19,17975.99000000,17976.25,1e-05
01:50:20,17988.44000000,17979.94,0.00047
01:50:21,17982.69000000,17979.88,0.00016
01:50:22,17980.36000000,17984.14,0.00021
01:50:23,17982.68000000,17981.4,7e-05
01:50:24,17986.85000000,17986.95,1e-05
01:50:25,17986.84000000,17973.6,0.00074
01:50:26,17982.69000000,17982.88,1e-05
01:50:27,17982.69000000,17982.87,1e-05
01:50:28,17983.27000000,17983.91,4e-05
01:50:30,17983.95000000,17982.88,6e-05
01:50:31,17983.96000000,17982.88,6e-05
01:50:32,17986.77000000,17982.88,0.00022
